Ativo;Data;Cota;PL;Capt Liq;Monthly Return;Vol EWMA 97%;Daily Return
284211<BraNa>;2019-06-03;22.3574476;2962138967.4;20472056.97;0.54101552832;0.098464174232;0.029525192076
284211<BraNa>;2019-06-04;22.364289736;3003296233.6;40250784.35;0.57178448242;0.097295426258;0.030603384948
284211<BraNa>;2019-06-05;22.371081871;3030630831.3;26422477.84;0.60232858286;0.09596803442;0.030370446984
284211<BraNa>;2019-06-06;22.378568019;3050069758.2;18426175.11;0.61531105839;0.095648505074;0.033463506952
284211<BraNa>;2019-06-07;22.382714101;3099436658.9;48801832.31;0.61252790219;0.09800041271;0.018527022075
284211<BraNa>;2019-06-10;22.388373214;3108802575.1;8582277.78;0.54887066526;0.0967577895;0.025283405012
284211<BraNa>;2019-06-11;22.394030326;3157079261.2;47491203.69;0.57427743523;0.095670001496;0.025268080935
284211<BraNa>;2019-06-12;22.399379432;3159223643.3;1390189.42;0.59830091286;0.094846717335;0.023886304007
284211<BraNa>;2019-06-13;22.404568535;3167725195.6;7769728.42;0.59020766657;0.094465818246;0.023166279971
284211<BraNa>;2019-06-14;22.40936163;3186059308.5;17656371.15;0.58914601886;0.09475586456;0.021393382667
284211<BraNa>;2019-06-17;22.415254747;3197861988.6;10964909.94;0.54815018757;0.093510669428;0.026297567092
284211<BraNa>;2019-06-18;22.420758856;3204756391.3;6109111.07;0.57283998067;0.09252142728;0.024555193704
284211<BraNa>;2019-06-19;22.426831977;3209775453.5;4151008.97;0.60008218879;0.091225639131;0.02708704269
284211<BraNa>;2019-06-21;22.432399087;3215129068.3;4556855.38;0.57237419351;0.09040227633;0.024823436797
284211<BraNa>;2019-06-24;22.438021199;3218534497.1;2599525.93;0.5129446572;0.089438227713;0.025062462191
284211<BraNa>;2019-06-25;22.44364131;3230304376.3;10963769.63;0.53812040478;0.088454058898;0.0250472689
284211<BraNa>;2019-06-26;22.449128419;3243567319.8;12473273.19;0.56270035602;0.087648481998;0.024448389559
284211<BraNa>;2019-06-27;22.455308542;3250628761.1;6168367.25;0.56663407577;0.086258817397;0.027529454565
284211<BraNa>;2019-06-28;22.462833691;3258808856.5;7090890.19;0.57792577009;0.086253972592;0.033511671973
284211<BraNa>;2019-07-01;22.467163777;3265059614.3;5622486.16;0.52040667724;0.088263572309;0.019276668172
284211<BraNa>;2019-07-02;22.472903891;3274254536.3;8360749.08;0.54608853843;0.087210035001;0.025548903068
284211<BraNa>;2019-07-03;22.478277998;3281278562.2;6241076.44;0.54044808512;0.086600389831;0.023913716905
284211<BraNa>;2019-07-04;22.483633104;3281198129.7;-862206.95;0.53363361567;0.085978854059;0.023823471929
284211<BraNa>;2019-07-05;22.489436219;3289184520.9;7139585.74;0.52905062439;0.085009645736;0.025810397892
284211<BraNa>;2019-07-08;22.494372317;3291460768.8;1554222.51;0.49885914159;0.085232715909;0.02194851786
284211<BraNa>;2019-07-09;22.499787424;3292253092.8;0;0.52305239806;0.084437574499;0.024073165332
284211<BraNa>;2019-07-10;22.503842505;3302163244.6;9316815.11;0.51575561101;0.086998024762;0.01802275001
284211<BraNa>;2019-07-11;22.509579619;3309929986.9;6924914.7;0.51598256759;0.08582805409;0.025493929934
284211<BraNa>;2019-07-12;22.517421774;3311298141.5;214927.98;0.52698934123;0.086744416389;0.034839191721
284211<BraNa>;2019-07-15;22.521624858;3312482244.6;565996.38;0.50096575396;0.089082481714;0.01866591756
284211<BraNa>;2019-07-16;22.527438973;3325985593.4;12648302.24;0.5269107829;0.087588684593;0.025815701156
284211<BraNa>;2019-07-17;22.532591075;3334030034.4;7283768.18;0.52346640459;0.087193598031;0.02287034149
284211<BraNa>;2019-07-18;22.538641195;3362037689.1;27112482.09;0.52577318947;0.085818523028;0.026850529684
284211<BraNa>;2019-07-19;22.54442731;3365952833;3052009.36;0.524351069;0.084461334334;0.025671976982
284211<BraNa>;2019-07-22;22.550293426;3364179063.3;-2649626.6;0.52555385955;0.082984870101;0.026020250334
284211<BraNa>;2019-07-23;22.555569531;3369233245.5;4266998.23;0.54907387912;0.08245212684;0.02339705552
284211<BraNa>;2019-07-24;22.562961678;3371599424.1;1262054.51;0.5568248549;0.08240266234;0.032773043677
284211<BraNa>;2019-07-25;22.569087799;3378692833;6178006.07;0.55894000125;0.081330138636;0.027151229733
284211<BraNa>;2019-07-26;22.573884895;3382496140.5;3085073.03;0.55572970596;0.081890038466;0.021255157662
284211<BraNa>;2019-07-29;22.578483986;3390426419.7;7241249.69;0.51485176009;0.082916926445;0.020373503503
284211<BraNa>;2019-07-30;22.58320808;3419205851.7;28069961.17;0.53588247156;0.083532633547;0.020922989097
284211<BraNa>;2019-07-31;22.589465204;3426928768;6775597.9;0.56373792486;0.082364809583;0.027706976471
284211<BraNa>;2019-08-01;22.594498304;3432435369.4;4743116.82;0.56675834894;0.082215564468;0.02228073954
284211<BraNa>;2019-08-02;22.599915411;3438245372.3;4986920.29;0.56517627036;0.081505180712;0.023975338627
284211<BraNa>;2019-08-05;22.604721506;3441177796.1;2201320.38;0.51261973076;0.081918992148;0.021265988289
284211<BraNa>;2019-08-06;22.610517621;3447400093.6;5339965.59;0.53839234206;0.080352933297;0.025641169668
284211<BraNa>;2019-08-07;22.615344717;3451146472.4;3010396.18;0.55985617855;0.080919572491;0.021348895643
284211<BraNa>;2019-08-08;22.619974809;3463701452.5;11848385.37;0.55837295804;0.081734933745;0.020473231416
284211<BraNa>;2019-08-09;22.624920907;3470454597;5995746.84;0.55615406691;0.081707634549;0.021866063798
284211<BraNa>;2019-08-12;22.630427016;3470052641.9;-1246602.52;0.50185693235;0.08053273638;0.024336479692
284211<BraNa>;2019-08-13;22.635367114;3475799358.3;5031355.71;0.52379593617;0.080234902464;0.02182945118
284211<BraNa>;2019-08-14;22.639890204;3477859257;1365506.17;0.54388300377;0.081262810934;0.019982400772
284211<BraNa>;2019-08-15;22.646102327;3481280030.1;2466382.16;0.55270199464;0.080058932996;0.027438840152
284211<BraNa>;2019-08-16;22.655162507;3481814138.6;-858684.86;0.56696872798;0.08651165167;0.040007678217
284211<BraNa>;2019-08-19;22.655625516;3481001910.4;-883418.2;0.49324032407;0.10932120498;0.0020437248168
284211<BraNa>;2019-08-20;22.66035361;3484544433.6;2816152.73;0.51421266344;0.10892459102;0.020869403124
284211<BraNa>;2019-08-21;22.665030703;3483827354.9;-1436387.35;0.53495877837;0.10859596659;0.020639981449
284211<BraNa>;2019-08-22;22.669498792;3485208469.8;694294.37;0.52862001794;0.10870002798;0.019713578695
284211<BraNa>;2019-08-23;22.674076882;3477219624.4;-8692633.33;0.52540172474;0.10852866219;0.020194936405
284211<BraNa>;2019-08-26;22.678959979;3472345111.1;-5623342.78;0.46547187285;0.10782316146;0.021536033819
284211<BraNa>;2019-08-27;22.684068081;3477263195.3;4136020.23;0.48810023927;0.106706019;0.022523525695
284211<BraNa>;2019-08-28;22.688179162;3484204328.2;6310957.19;0.50631190988;0.10764723268;0.018123211157
284211<BraNa>;2019-08-29;22.693202262;3484085188.1;-890562.33;0.50808670876;0.10689892648;0.022139721477
284211<BraNa>;2019-08-30;22.697848354;3485882261.9;1083725.88;0.50763502786;0.10637105961;0.020473497352
284211<BraNa>;2019-09-02;22.70316546;3476098327.4;-10600472.74;0.45686033209;0.10511994689;0.023425592735
284211<BraNa>;2019-09-03;22.707572547;3482099603.6;5326523.64;0.47636079198;0.10520242412;0.019411775247
284211<BraNa>;2019-09-04;22.712467644;3479588467.3;-3261916.63;0.49802059493;0.10466669648;0.021557113359
284211<BraNa>;2019-09-05;22.717206738;3480662298.4;347830.46;0.49761830433;0.10419511874;0.020865605984
284211<BraNa>;2019-09-06;22.722109836;3485010328.3;3596836.65;0.49354117418;0.10330047709;0.021583187299
284211<BraNa>;2019-09-09;22.726447922;3480945482.9;-4730167.94;0.44873975403;0.10365518769;0.019091915783
284211<BraNa>;2019-09-10;22.730620004;3493210686.3;11667268.58;0.46717996338;0.10436130671;0.018357830413
284211<BraNa>;2019-09-11;22.735359098;3485139634.5;-8799369.74;0.48812630866;0.10434091179;0.020848943132
284211<BraNa>;2019-09-12;22.740853207;3481024961.1;-4956807.93;0.48795451767;0.10250017865;0.024165481409
284211<BraNa>;2019-09-13;22.746368317;3477711125.9;-4158077.66;0.49038834604;0.10066084304;0.024251989817
284211<BraNa>;2019-09-16;22.751502419;3466315813.1;-12180200.48;0.4252448487;0.099377996385;0.0225710839
284211<BraNa>;2019-09-17;22.756646521;3470492770.3;3393218.13;0.44795094072;0.098230747008;0.022609944426
284211<BraNa>;2019-09-18;22.761719621;3465157401.8;-6109035.58;0.47034363233;0.097115977298;0.022292830545
284211<BraNa>;2019-09-19;22.767164729;3467279291.2;1292881.76;0.4923245795;0.095409724349;0.023922217224
284211<BraNa>;2019-09-20;22.771809822;3462967696.7;-5018940.68;0.49185557;0.095056555476;0.020402593873
284211<BraNa>;2019-09-23;22.776524915;3461512496.2;-2172379.55;0.45182890226;0.094650168336;0.020705835777
284211<BraNa>;2019-09-24;22.780685998;3464973816.4;2829060.78;0.47018061996;0.09517962312;0.018269172324
284211<BraNa>;2019-09-25;22.786108105;3464368816.6;-1429834.3;0.49409386502;0.093350593289;0.023801335738
284211<BraNa>;2019-09-26;22.790778198;3460730531.5;-4348186.94;0.49304826462;0.093060503087;0.020495350145
284211<BraNa>;2019-09-27;22.796385309;3460427913.4;-1154139.04;0.49513706308;0.091635214879;0.024602543999
284211<BraNa>;2019-09-30;22.801207405;3483063112.2;21903195.01;0.4553693776;0.091106982343;0.021152896079
284211<BraNa>;2019-10-01;22.804751475;3494353976.8;10749506.15;0.47098350224;0.093716166427;0.015543345034
284211<BraNa>;2019-10-02;22.807387528;3496535135.6;1777319.47;0.45906403702;0.099727250531;0.011559224003
284211<BraNa>;2019-10-03;22.811209603;3494996916.1;-2124227.59;0.45639865766;0.10099777323;0.016758060701
284211<BraNa>;2019-10-04;22.815348685;3497498315;1867294.4;0.45297165798;0.10125264138;0.018144948081
284211<BraNa>;2019-10-07;22.818657751;3495739146.5;-2266467.47;0.42490735377;0.10391986498;0.014503682177
284211<BraNa>;2019-10-08;22.82163281;3500037043.1;3842039.65;0.43800058793;0.1077162483;0.013037835378
284211<BraNa>;2019-10-09;22.824623869;3469376376.6;-31119313.27;0.4319898484;0.11124472851;0.013106245933
284211<BraNa>;2019-10-10;22.827977936;3468116271.9;-1770001.55;0.42831181763;0.1131849085;0.014694947822
284211<BraNa>;2019-10-11;22.831251001;3465218897.3;-3394600.48;0.42177430405;0.11516640559;0.014337953871
284211<BraNa>;2019-10-14;22.833615048;3465255601.6;-322040.6;0.38356334462;0.12030434227;0.01035443438
284211<BraNa>;2019-10-15;22.835908093;3466508764.7;905155.07;0.39364427466;0.12534922988;0.010042411122
284211<BraNa>;2019-10-16;22.838525145;3465538071.8;-1367949.69;0.3824922198;0.12876895205;0.011460249152
284211<BraNa>;2019-10-17;22.841513205;3441958675.4;-24032858.07;0.37293141504;0.13066383685;0.013083416161
284211<BraNa>;2019-10-18;22.844153257;3439876222.1;-2480322.55;0.36215908531;0.13363762354;0.011558132609
284211<BraNa>;2019-10-21;22.845464283;3435609694.2;-4463920.42;0.3234457954;0.14126763287;0.0057390003349
284211<BraNa>;2019-10-22;22.846931312;3437385138;1554869.1;0.3298880989;0.14754087026;0.0064215333623
284211<BraNa>;2019-10-23;22.849705367;3430260618;-7541896.25;0.32129770589;0.14883606361;0.012141915431
284211<BraNa>;2019-10-24;22.848474343;3422170546.9;-7905325.55;0.29756937529;0.16739849953;-0.0053874849073
284211<BraNa>;2019-10-25;22.848231338;3376359421.4;-45774624.55;0.27263643406;0.17830531754;-0.0010635495527
284211<BraNa>;2019-10-28;22.837333122;3349037765.1;-25711274.24;0.17962414604;0.26276576649;-0.047698292656
284211<BraNa>;2019-10-29;22.836803111;3349731671.7;771722.97;0.17729916999;0.26774560318;-0.0023208073799
284211<BraNa>;2019-10-30;22.836187099;3340755985.5;-8885317.99;0.15341158651;0.27257174223;-0.0026974538741
284211<BraNa>;2019-10-31;22.833277041;3317533767.6;-22796543.68;0.14064885127;0.2849754318;-0.012743185652
284211<BraNa>;2019-11-01;22.834852072;3302543123;-15219467.95;0.13199265632;0.28333325375;0.0068979641583
284211<BraNa>;2019-11-04;22.831487006;3280471343.6;-21585107.05;0.070734488509;0.29636683798;-0.01473653856
284211<BraNa>;2019-11-05;22.830430985;3280886047;566458.69;0.066105933547;0.30035299396;-0.0046252833272
284211<BraNa>;2019-11-06;22.825834894;3270369561.9;-9856064.26;0.045961200158;0.31618595381;-0.02013142539
284211<BraNa>;2019-11-07;22.822658831;3258830331.9;-11084202.59;0.017534245308;0.32610432204;-0.013914334522
284211<BraNa>;2019-11-08;22.818693752;3243727203.3;-14536864.55;-0.012878387497;0.33770078656;-0.017373430092
284211<BraNa>;2019-11-11;22.817053719;3231985911.3;-11508181.11;-0.062183547016;0.34021383441;-0.0071872324042
284211<BraNa>;2019-11-12;22.814388666;3232472471.7;864017.56;-0.073856376002;0.34615671847;-0.01168009212
284211<BraNa>;2019-11-13;22.815475688;3150552233.6;-82074185.45;-0.06909526337;0.34380816089;0.0047646315579
284211<BraNa>;2019-11-14;22.813385647;3133923592.1;-16340139.8;-0.08859482532;0.34775408064;-0.0091606306341
284211<BraNa>;2019-11-18;22.808317546;3112520050.3;-20707226.95;-0.15687038431;0.36134103858;-0.022215468744
284211<BraNa>;2019-11-19;22.81051059;3113122792.1;330592.25;-0.14727036332;0.35659423983;0.0096151043181
284211<BraNa>;2019-11-20;22.815163682;3102921563.1;-10836272.62;-0.12690150888;0.35104513806;0.020398896049
284211<BraNa>;2019-11-21;22.818499748;3074395567.4;-28979720.06;-0.11803014667;0.34551033509;0.014622144408
284211<BraNa>;2019-11-22;22.82163681;3067678670.3;-7139621.13;-0.11071290719;0.34050614735;0.013747889897
284211<BraNa>;2019-11-25;22.824091859;3019973791;-48034896.34;-0.10565141165;0.33616277305;0.010757548807
284211<BraNa>;2019-11-26;22.823869855;3023597375.8;3652930;-0.10662305976;0.3356224571;-0.00097267575256
284211<BraNa>;2019-11-27;22.82765493;3018027042.4;-6071685.58;-0.090056897443;0.33054673731;0.016583844445
284211<BraNa>;2019-11-28;22.829373964;3006895527.5;-11358868.44;-0.034851520832;0.3265803355;0.0075304893471
284211<BraNa>;2019-11-29;22.832534026;2991819788.4;-15491937.49;-0.018693880611;0.32157954733;0.013842090811
284211<BraNa>;2019-12-02;22.831859013;2955044447.2;-36686815.44;-0.013107417453;0.32241429176;-0.0029563664611
284211<BraNa>;2019-12-03;22.833416044;2955597277.2;351330.66;-0.006288757686;0.31890927856;0.0068195537096
284211<BraNa>;2019-12-04;22.828096938;2939105363.1;-15803411.45;-0.014848210503;0.33455901395;-0.023295268329
284211<BraNa>;2019-12-05;22.827413925;2928109958.6;-10907458.93;-0.013215080525;0.33520369566;-0.0029919863664
284211<BraNa>;2019-12-06;22.834697069;2916559609.4;-12484657;0.038825199044;0.33234863167;0.0319052544
284211<BraNa>;2019-12-09;22.838809151;2884908568.7;-32176170.04;0.088153157776;0.32705171034;0.018008040934
284211<BraNa>;2019-12-10;22.846035294;2885943108.2;153361.99;0.11982080486;0.32345783028;0.031639755616
284211<BraNa>;2019-12-11;22.847895331;2865727530.7;-20450489.91;0.13516912531;0.31948191111;0.0081416179455
284211<BraNa>;2019-12-12;22.851328399;2843107348.1;-23050752.55;0.16191419145;0.31442033835;0.015025752145
284211<BraNa>;2019-12-13;22.852147416;2824771754.6;-18437546.92;0.1607318125;0.31163243373;0.0035841077988
284211<BraNa>;2019-12-16;22.854312459;2812559603.8;-12479712.99;0.17939823865;0.30720430004;0.0094741333669
284211<BraNa>;2019-12-17;22.854003452;2813073482;551869.1;0.17804374384;0.30696999988;-0.0013520691936
284211<BraNa>;2019-12-18;22.859106554;2805301051.7;-8400514.3;0.22267757195;0.30223828335;0.022329134845
284211<BraNa>;2019-12-19;22.860872589;2797651565;-7866239.36;0.22078418206;0.29882803913;0.0077257394878
284211<BraNa>;2019-12-20;22.86595369;2798563294.1;289864.6;0.22261513641;0.29431168421;0.022226189321
284211<BraNa>;2019-12-23;22.871189793;2734152483.7;-65051603.81;0.21713159149;0.28972737185;0.022899127543
284211<BraNa>;2019-12-24;22.875873886;2734712505.9;0;0.23765638107;0.28527814576;0.0204803202
284211<BraNa>;2019-12-26;22.879215953;2712496866.9;-22615099.92;0.24249217367;0.28068201177;0.014609567915
284211<BraNa>;2019-12-27;22.884881065;2706160263.2;-7008238.38;0.25068775412;0.27647666797;0.024760955239
284211<BraNa>;2019-12-30;22.891458196;2665468890.6;-41469181.81;0.25807108868;0.27340879911;0.02874006841
284211<BraNa>;2019-12-31;22.896317292;2666034700.2;0;0.27935254784;0.26879382543;0.021226679382
284211<BraNa>;2020-01-02;22.903041425;2653726693.3;-13090933.7;0.31176792163;0.26586446821;0.029367750722
284211<BraNa>;2020-01-03;22.905669478;2639824842;-14206336.91;0.31643724906;0.26197930616;0.011474686289
284211<BraNa>;2020-01-06;22.908223528;2619963421.2;-20155730.24;0.32199445723;0.25843750098;0.011150299178
284211<BraNa>;2020-01-07;22.913974642;2621155506.8;534290.33;0.34718031402;0.25477023408;0.025105019995
284211<BraNa>;2020-01-08;22.918964741;2612294718.7;-9431557.51;0.36903345699;0.25043600636;0.021777535585
284211<BraNa>;2020-01-09;22.923687835;2503245718.3;-109587393.6;0.37164233727;0.24651911987;0.020607796978
284211<BraNa>;2020-01-10;22.92645689;2493522453.3;-10025589.67;0.35201554492;0.24327757391;0.012079447878
284211<BraNa>;2020-01-13;22.929935959;2475154063.1;-18746871.7;0.34039927195;0.23958234985;0.015174909276
284211<BraNa>;2020-01-14;22.934117042;2475890232.9;284861.31;0.35869550848;0.23579189623;0.018234167692
284211<BraNa>;2020-01-15;22.937925118;2467285532.1;-9015823.93;0.37535948104;0.23197473351;0.016604413213
284211<BraNa>;2020-01-16;22.940424167;2452623181.4;-14931082.44;0.37678538229;0.22918555798;0.010894837032
284211<BraNa>;2020-01-17;22.945138261;2450294457.5;-2832721.1;0.3987695567;0.22550250012;0.020549286819
284211<BraNa>;2020-01-20;22.952262402;2429600349.9;-21454959.66;0.377455118;0.2243899124;0.031048587516
284211<BraNa>;2020-01-21;22.956778492;2430155338;77000;0.39720539662;0.22071976676;0.019676010561
284211<BraNa>;2020-01-22;22.961898593;2419803834.8;-10893484.2;0.41959720966;0.21725782966;0.022303223523
284211<BraNa>;2020-01-23;22.966909693;2420372492;40557.95;0.41851735768;0.21494147351;0.021823541283
284211<BraNa>;2020-01-24;22.971738788;2421828193.5;946797.17;0.41906552979;0.21193906374;0.021026319519
284211<BraNa>;2020-01-27;22.976662886;2343874517.9;-78472825.05;0.4010587636;0.20894100535;0.021435459166
284211<BraNa>;2020-01-28;22.982135995;2345298066.6;865248.79;0.42497459071;0.20593890375;0.023820293791
284211<BraNa>;2020-01-29;22.986971091;2337612568.8;-8178910.05;0.4461024957;0.2026966471;0.021038496743
284211<BraNa>;2020-01-30;22.989271136;2338304846.5;458370.25;0.42729012657;0.20074728248;0.010005866533
284211<BraNa>;2020-01-31;22.992576202;2338680059.5;39000;0.42041219403;0.19777896419;0.014376556646
284211<BraNa>;2020-02-03;22.994782246;2328707017.9;-10197386.12;0.3890424081;0.19612007296;0.0095945915746
284211<BraNa>;2020-02-04;22.993076212;2328662717.2;128428.46;0.38159432243;0.20577119573;-0.0074192216744
284211<BraNa>;2020-02-05;22.992536201;2319876128.5;-8731894.06;0.37923678083;0.20987406718;-0.0023485797101
284211<BraNa>;2020-02-06;22.990116153;2313057056.3;-6574893.29;0.35748134178;0.22057990969;-0.010525363541
284211<BraNa>;2020-02-07;22.986889089;2304277742.4;-8454656.77;0.31820951135;0.23390815698;-0.014036745142
284211<BraNa>;2020-02-10;22.988086113;2286578397.9;-17819362.48;0.26881267822;0.23230580244;0.0052074194173
284211<BraNa>;2020-02-11;22.990001151;2287071249;323528.44;0.27716563927;0.23001691798;0.0083305672888
284211<BraNa>;2020-02-12;22.991247176;2279486452.3;-7708744.38;0.28260051622;0.22824826045;0.005419855006
284211<BraNa>;2020-02-13;22.991248176;2271098485.3;-8388099.93;0.26738939268;0.22951741277;0.0000043495674618
284211<BraNa>;2020-02-14;22.998811326;2260850025.7;-10995531.64;0.28208752701;0.22971569173;0.032895778349
284211<BraNa>;2020-02-17;23.001827385;2239749810.7;-21396716.85;0.24706377499;0.22630757724;0.013113981367
284211<BraNa>;2020-02-18;23.002788405;2240146367.8;302950.11;0.25125210923;0.22576935295;0.0041780118408
284211<BraNa>;2020-02-19;23.006138471;2229137732;-11334849.39;0.26585244159;0.22226782935;0.01456374066
284211<BraNa>;2020-02-20;23.00860452;2195042557;-34334144.62;0.24547522553;0.21935491388;0.010719091005
284211<BraNa>;2020-02-21;23.012386595;2185262959;-10140400.82;0.24222955926;0.21545342365;0.016437655177
284211<BraNa>;2020-02-26;23.013856624;2166717675.9;-18684846.18;0.18334631113;0.21362698807;0.0063879908339
284211<BraNa>;2020-02-27;23.019833743;2158658907.7;-8621465.73;0.18789002024;0.21110243831;0.025971825016
284211<BraNa>;2020-02-28;23.021616778;2148888994.5;-9937161.98;0.17178900762;0.20930270123;0.0077456485087
284211<BraNa>;2020-03-02;23.029640937;2139475204.2;-10162793.04;0.16120305572;0.21185844651;0.034854890146
284211<BraNa>;2020-03-03;23.033973023;2140027554.3;149931.85;0.17043334938;0.20858618435;0.018810913934
284211<BraNa>;2020-03-04;23.038427112;2133048282.6;-7393131.29;0.19723720052;0.20545516015;0.019337039157
284211<BraNa>;2020-03-05;23.035006044;2126677646.9;-6053903.62;0.18471143103;0.21997428613;-0.014849398667
284211<BraNa>;2020-03-06;23.036378071;2122731446.5;-4072874.23;0.20122524656;0.2182589855;0.0059562702518
284211<BraNa>;2020-03-09;23.029669938;2113455159.7;-8658126.89;0.18610978041;0.24842750755;-0.029119738701
284211<BraNa>;2020-03-10;23.031619977;2114055229.6;421075;0.18937576442;0.24514161193;0.0084675060862
284211<BraNa>;2020-03-11;23.007736503;2101377630.1;-10485349.9;0.07714376261;0.40702473055;-0.10369862784
284211<BraNa>;2020-03-12;22.975879871;2092045401.8;-6422652.95;-0.066839805459;0.58082871422;-0.13846052198
284211<BraNa>;2020-03-13;22.999151332;2087638739.9;-6525559.9;0.034374631286;0.61990573495;0.10128648755
284211<BraNa>;2020-03-16;23.001132372;2078814977.8;-9003594.74;0.010092026241;0.61052152884;0.0086135321908
284211<BraNa>;2020-03-17;23.007515498;2079412899.2;21025;0.02472896067;0.60205896051;0.027751358175
284211<BraNa>;2020-03-18;22.946577289;2070041801.5;-3863562.09;-0.24436652775;0.96856437077;-0.26486218858
284211<BraNa>;2020-03-19;22.910566575;2063148882.1;-3644324.46;-0.41541911241;1.0604751781;-0.15693283585
284211<BraNa>;2020-03-20;22.870222774;2054163081.7;-5352766.55;-0.60143476121;1.1629315668;-0.1760925481
284211<BraNa>;2020-03-23;22.791053203;2023619544.2;-23432592.47;-0.96180111805;1.5041766713;-0.34616877865
284211<BraNa>;2020-03-24;22.724604885;2017723753.8;4160;-1.2505513445;1.6914814874;-0.29155439997
284211<BraNa>;2020-03-25;22.530905042;2000767152.2;242000;-2.0922712698;2.8852363781;-0.85237936692
284211<BraNa>;2020-03-26;22.424910939;1992149567.3;794799.81;-2.5590916596;3.1178271755;-0.47043872783
284211<BraNa>;2020-03-27;22.326728991;1979579218.6;-3848180.25;-3.0109025105;3.2905807439;-0.4378253645
284211<BraNa>;2020-03-30;22.234881168;1954112834.8;-17322790.98;-3.4173777516;3.4223531616;-0.41138055831
284211<BraNa>;2020-03-31;22.165955801;1948094316.2;38953.32;-3.7167718742;3.4666446721;-0.30998756883
284211<BraNa>;2020-04-01;22.118327856;1934174869;-9733514.82;-3.9236554545;3.4567429427;-0.21486980058
284211<BraNa>;2020-04-02;22.087960253;1922311276.6;-9208088.06;-4.0889942085;3.4192635143;-0.13729610455
284211<BraNa>;2020-04-03;22.027853061;1908326920.4;-8753205.46;-4.3679827257;3.4382702955;-0.27212649748
284211<BraNa>;2020-04-06;21.970156916;1894933792.8;-8394764.15;-4.6284235825;3.4501943976;-0.26192359555
284211<BraNa>;2020-04-07;21.927290065;1891252685.2;16127.2;-4.8145068738;3.4300965466;-0.1951139935
284211<BraNa>;2020-04-08;21.885253231;1882780818.8;-4846090.77;-4.9969870968;3.4087069784;-0.19171011982
284211<BraNa>;2020-04-09;21.806271664;1869264014.7;-6722061.02;-5.3122701153;3.4811630876;-0.36088943662
284211<BraNa>;2020-04-13;21.773939023;1794119162;-72373256.88;-5.3272066089;3.4433614991;-0.14827221275
284211<BraNa>;2020-04-14;21.76925293;1793733090.5;0;-5.347581678;3.3894018638;-0.021521567487
284211<BraNa>;2020-04-15;21.782303189;1765837039.3;-28971343.92;-5.290839328;3.3451949876;0.059948124908
284211<BraNa>;2020-04-16;21.810016738;1758937912.7;-9145812.13;-5.1785086665;3.3195986775;0.12722965803
284211<BraNa>;2020-04-17;21.822840993;1749126018.8;-10846100.08;-5.149076203;3.2760302707;0.058799837825
284211<BraNa>;2020-04-20;21.778526114;1662682850.6;-82891332.2;-4.7734413059;3.2627385129;-0.20306649931
284211<BraNa>;2020-04-22;21.698832532;1631373561.1;-25225069.62;-5.1219013188;3.3459465979;-0.36592733968
284211<BraNa>;2020-04-23;21.657078704;1511327898.9;-116906467.98;-4.9755247787;3.3249004126;-0.19242430844
284211<BraNa>;2020-04-24;21.51627991;1486629767.7;-14872561.07;-5.3172540549;3.6921953928;-0.65012828172
284211<BraNa>;2020-04-27;21.509144769;1447983210;-38153596.49;-3.661907762;3.6345315787;-0.03316159482
284211<BraNa>;2020-04-28;21.587928332;1453298872.3;12043.83;-3.3090411903;3.7408558538;0.36627938498
284211<BraNa>;2020-04-29;21.615122871;1444424655.1;-10704943.72;-3.1872385761;3.7074149371;0.12597104796
284211<BraNa>;2020-04-30;21.628981146;1433166800.4;-12183976.64;-2.4225197374;3.658680587;0.064113792359
284211<BraNa>;2020-05-04;21.624310054;1397692320.3;-35164936.69;-1.8319670359;3.6023896081;-0.021596452734
284211<BraNa>;2020-05-05;21.642817421;1399100857.5;212287.54;-1.7479490104;3.5602199054;0.085585931629
284211<BraNa>;2020-05-06;21.656454692;1388962270.9;-11020137.7;-1.4278560934;3.5138335997;0.063010606755
284211<BraNa>;2020-05-07;21.651090585;1377106946.5;-11511322.94;-1.2596152071;3.4597091377;-0.024769088577
284211<BraNa>;2020-05-08;21.672776015;1374282232.3;-4203978.74;-0.97086935011;3.4237483581;0.10015860498
284211<BraNa>;2020-05-11;21.671442989;1367387029.1;-6810718.79;-0.61830228133;3.3714972431;-0.0061506953898
284211<BraNa>;2020-05-12;21.641584397;1365518018.4;15000;-0.7552289092;3.3341808385;-0.13777851555
284211<BraNa>;2020-05-13;21.621593;1359900987.7;-4355681.14;-0.69967139425;3.2880191818;-0.092374921678
284211<BraNa>;2020-05-14;21.630804183;1355176622.8;-5303699.46;-0.63598299603;3.2426548014;0.042601776659
284211<BraNa>;2020-05-15;21.615433878;1347040389.7;-7173284.67;-0.76607744122;3.1952111513;-0.071057482819
284211<BraNa>;2020-05-18;21.604069652;1335063568.8;-11268594.33;-1.0024879015;3.146853095;-0.05257458879
284211<BraNa>;2020-05-19;21.603395639;1335035029.5;13116.04;-1.0055764698;3.0989330264;-0.0031198444049
284211<BraNa>;2020-05-20;21.601882609;1332136714.4;-2804809.1;-0.81109026351;3.05157862;-0.0070036677243
284211<BraNa>;2020-05-21;21.610876787;1332691356.9;0;-0.76979188361;3.0100404528;0.041636086098
284211<BraNa>;2020-05-22;21.604687664;1327784647.9;-4525065.22;-0.43387066016;2.9635411088;-0.02863892496
284211<BraNa>;2020-05-25;21.637629318;1324427115.2;-5382066.69;0.56398879478;2.9579726012;0.15247456522
284211<BraNa>;2020-05-26;21.644110447;1324823816.2;0;0.59411077036;2.9161424319;0.02995304385
284211<BraNa>;2020-05-27;21.652892621;1320968597;-4392772.25;0.66831040331;2.8766099234;0.04057535316
284211<BraNa>;2020-05-28;21.658331729;1318618748.8;-2681683.57;0.32612391442;2.8354584708;0.02511954408
284211<BraNa>;2020-05-29;21.665627874;1316988803.1;-2074137.43;0.23365586403;2.7961126725;0.033687473478
284211<BraNa>;2020-06-01;21.684648251;1313762140.3;-4382855.36;0.25737275428;2.7695138612;0.087790566249
284211<BraNa>;2020-06-02;21.703125618;1314884191;13100;0.34280149684;2.7425056782;0.085209436656
284211<BraNa>;2020-06-03;21.713275819;1303391034.8;-12108056.79;0.38973020473;2.7068238955;0.046768385073
284211<BraNa>;2020-06-04;21.710269759;1296407825.8;-6802756.3;0.39751421118;2.6655390708;-0.013844339628
284211<BraNa>;2020-06-05;21.701081577;1292911992.7;-2947176.97;0.26920781565;2.6255083442;-0.04232182464
284211<BraNa>;2020-06-08;21.711972793;1286119895;-7440971.2;0.18085720858;2.5925460829;0.050187434499
284211<BraNa>;2020-06-09;21.721745987;1286699858;1000;0.22595154205;2.559038471;0.04501292442
284211<BraNa>;2020-06-10;21.745344455;1282251456;-5846224.07;0.33483684692;2.5440795966;0.10863983134
284211<BraNa>;2020-06-12;21.755319653;1278272444.2;-4567256.37;0.5255403421;2.5114333492;0.045872797818
284211<BraNa>;2020-06-15;21.759064727;1273429681.4;-5062815.37;0.66448284415;2.475078038;0.017214522086
284211<BraNa>;2020-06-16;21.758111709;1273387336.1;13450;0.66007386995;2.4377297993;-0.0043798706429
